Diagnosis,Type of Help,Suggestion
Moderately severe depression,Professional,Attend group therapy sessions with individuals facing similar mental health challenges to foster connection and shared healing experiences.
Mild depression,Self help,Practice mindfulness and meditation daily using guided apps like Headspace or Calm to enhance self-awareness and emotional regulation.
Mild depression,Self help,Practice mindfulness and meditation daily using guided apps like Headspace or Calm to enhance self-awareness and emotional regulation.
Severe anxiety,Professional + Emergency,"Seek immediate psychiatric evaluation in a hospital setting to assess the need for intensive care, medication adjustment, or crisis intervention."
Severe depression,Professional + Emergency,"Consider inpatient or residential treatment programs that provide structured care, round-the-clock monitoring, and therapeutic interventions for severe mental health conditions."
Minimal anxiety,Self help,"Explore creative hobbies such as painting, playing a musical instrument, or gardening to channel emotions positively and improve mental well-being."
Minimal depression,Self help,"Engage in regular physical exercise such as yoga, jogging, or swimming, as physical activity helps release endorphins that reduce stress and anxiety."
Severe depression,Professional + Emergency,"Engage in an intensive therapy program, such as partial hospitalization or intensive outpatient therapy, where daily therapeutic support is provided in a structured environment."
Minimal depression,Self help,"Maintain a gratitude journal to track positive experiences and emotions, reinforcing a mindset shift towards optimism and resilience."
Moderate anxiety,Professional,"Engage in dialectical behavior therapy (DBT), which focuses on emotional regulation, distress tolerance, and mindfulness to build resilience in challenging situations."
Moderate depression,Self help + Professional,"Use evidence-based mental health apps like Woebot or Sanvello, designed for cognitive behavioral therapy (CBT) practices and structured self-reflection."
Mild anxiety,Self help,"Maintain a gratitude journal to track positive experiences and emotions, reinforcing a mindset shift towards optimism and resilience."
Mild anxiety,Self help + Professional,"Use evidence-based mental health apps like Woebot or Sanvello, designed for cognitive behavioral therapy (CBT) practices and structured self-reflection."
Mild depression,Self help,"Engage in regular physical exercise such as yoga, jogging, or swimming, as physical activity helps release endorphins that reduce stress and anxiety."
Minimal depression,Self help,Read self-help books or listen to mental health podcasts focusing on cognitive restructuring and emotional intelligence for self-guided improvement.
Minimal anxiety,Self help,Follow structured deep breathing exercises like diaphragmatic breathing or the 4-7-8 method to manage stress and prevent anxiety attacks.
Mild depression,Self help + Professional,Develop a regular exercise routine and balanced diet while consulting a therapist for personalized strategies to manage anxiety and depression symptoms.
Moderate depression,Self help + Professional,Develop a regular exercise routine and balanced diet while consulting a therapist for personalized strategies to manage anxiety and depression symptoms.
Severe anxiety,Professional,"Engage in dialectical behavior therapy (DBT), which focuses on emotional regulation, distress tolerance, and mindfulness to build resilience in challenging situations."
Severe anxiety,Professional + Emergency,"Call a mental health crisis helpline such as SAMHSA, NAMI, or Lifeline for immediate emotional support and guidance during a mental health emergency."
Minimal depression,Self help,"Explore creative hobbies such as painting, playing a musical instrument, or gardening to channel emotions positively and improve mental well-being."
Moderate depression,Professional,Consult a psychiatrist for an evaluation and discuss medication options if symptoms of anxiety or depression persist despite self-care efforts.
Minimal anxiety,Self help,"Explore creative hobbies such as painting, playing a musical instrument, or gardening to channel emotions positively and improve mental well-being."
Moderate depression,Self help + Professional,Incorporate positive affirmations and guided self-help workbooks alongside professional guidance to develop a structured approach to emotional healing.
Minimal anxiety,Self help,"Maintain a gratitude journal to track positive experiences and emotions, reinforcing a mindset shift towards optimism and resilience."
Minimal depression,Self help,"Maintain a gratitude journal to track positive experiences and emotions, reinforcing a mindset shift towards optimism and resilience."
Moderate depression,Professional,Consult a psychiatrist for an evaluation and discuss medication options if symptoms of anxiety or depression persist despite self-care efforts.
Moderately severe depression,Professional,Schedule regular cognitive behavioral therapy (CBT) sessions with a licensed therapist to develop coping strategies for negative thought patterns and behavioral responses.
Minimal depression,Self help,Practice mindfulness and meditation daily using guided apps like Headspace or Calm to enhance self-awareness and emotional regulation.
Minimal anxiety,Self help,"Explore creative hobbies such as painting, playing a musical instrument, or gardening to channel emotions positively and improve mental well-being."
Severe anxiety,Professional + Emergency,"Consider inpatient or residential treatment programs that provide structured care, round-the-clock monitoring, and therapeutic interventions for severe mental health conditions."
Mild anxiety,Self help,Read self-help books or listen to mental health podcasts focusing on cognitive restructuring and emotional intelligence for self-guided improvement.
Moderate anxiety,Self help + Professional,"Join a peer support group, such as online forums or local mental health meetups, where individuals share coping strategies and emotional support."
Minimal anxiety,Self help,Practice mindfulness and meditation daily using guided apps like Headspace or Calm to enhance self-awareness and emotional regulation.
Minimal depression,Self help,Read self-help books or listen to mental health podcasts focusing on cognitive restructuring and emotional intelligence for self-guided improvement.
Severe anxiety,Professional,"Explore holistic approaches such as art therapy, music therapy, or equine therapy under professional supervision to address emotional distress through creative expression."
Minimal depression,Self help,Practice mindfulness and meditation daily using guided apps like Headspace or Calm to enhance self-awareness and emotional regulation.
Severe depression,Professional + Emergency,"Consider inpatient or residential treatment programs that provide structured care, round-the-clock monitoring, and therapeutic interventions for severe mental health conditions."
Moderate depression,Professional,Consult a psychiatrist for an evaluation and discuss medication options if symptoms of anxiety or depression persist despite self-care efforts.
Mild anxiety,Self help,"Maintain a gratitude journal to track positive experiences and emotions, reinforcing a mindset shift towards optimism and resilience."
Mild depression,Self help,"Explore creative hobbies such as painting, playing a musical instrument, or gardening to channel emotions positively and improve mental well-being."
Minimal anxiety,Self help,Read self-help books or listen to mental health podcasts focusing on cognitive restructuring and emotional intelligence for self-guided improvement.
Mild depression,Self help,Practice mindfulness and meditation daily using guided apps like Headspace or Calm to enhance self-awareness and emotional regulation.
Moderate anxiety,Self help + Professional,Incorporate positive affirmations and guided self-help workbooks alongside professional guidance to develop a structured approach to emotional healing.
Moderately severe depression,Professional,Work with a mental health coach who specializes in goal setting and behavioral change to develop structured coping mechanisms.
Minimal anxiety,Self help,"Explore creative hobbies such as painting, playing a musical instrument, or gardening to channel emotions positively and improve mental well-being."
Minimal depression,Self help,"Explore creative hobbies such as painting, playing a musical instrument, or gardening to channel emotions positively and improve mental well-being."
Minimal depression,Self help,"Explore creative hobbies such as painting, playing a musical instrument, or gardening to channel emotions positively and improve mental well-being."
Mild depression,Self help,Read self-help books or listen to mental health podcasts focusing on cognitive restructuring and emotional intelligence for self-guided improvement.
Mild depression,Self help + Professional,"Join a peer support group, such as online forums or local mental health meetups, where individuals share coping strategies and emotional support."
Severe anxiety,Professional + Emergency,"Call a mental health crisis helpline such as SAMHSA, NAMI, or Lifeline for immediate emotional support and guidance during a mental health emergency."
Mild depression,Self help,"Engage in regular physical exercise such as yoga, jogging, or swimming, as physical activity helps release endorphins that reduce stress and anxiety."
Moderate depression,Professional,Work with a mental health coach who specializes in goal setting and behavioral change to develop structured coping mechanisms.
Mild depression,Self help + Professional,Practice mindfulness meditation and progressive muscle relaxation techniques while also scheduling occasional therapy sessions for deeper self-exploration.
Moderate anxiety,Self help + Professional,Incorporate positive affirmations and guided self-help workbooks alongside professional guidance to develop a structured approach to emotional healing.
Moderate anxiety,Professional,"Explore holistic approaches such as art therapy, music therapy, or equine therapy under professional supervision to address emotional distress through creative expression."
Severe depression,Professional + Emergency,"Seek immediate psychiatric evaluation in a hospital setting to assess the need for intensive care, medication adjustment, or crisis intervention."
Minimal anxiety,Self help,"Maintain a gratitude journal to track positive experiences and emotions, reinforcing a mindset shift towards optimism and resilience."
Moderate depression,Professional,"Explore holistic approaches such as art therapy, music therapy, or equine therapy under professional supervision to address emotional distress through creative expression."
Minimal anxiety,Self help,"Maintain a gratitude journal to track positive experiences and emotions, reinforcing a mindset shift towards optimism and resilience."
Mild depression,Self help + Professional,Practice mindfulness meditation and progressive muscle relaxation techniques while also scheduling occasional therapy sessions for deeper self-exploration.
Moderately severe depression,Professional,Work with a mental health coach who specializes in goal setting and behavioral change to develop structured coping mechanisms.
Moderate depression,Self help + Professional,Incorporate positive affirmations and guided self-help workbooks alongside professional guidance to develop a structured approach to emotional healing.
Moderately severe depression,Professional + Emergency,"Engage in an intensive therapy program, such as partial hospitalization or intensive outpatient therapy, where daily therapeutic support is provided in a structured environment."
Minimal anxiety,Self help,Follow structured deep breathing exercises like diaphragmatic breathing or the 4-7-8 method to manage stress and prevent anxiety attacks.
Severe anxiety,Professional,Schedule regular cognitive behavioral therapy (CBT) sessions with a licensed therapist to develop coping strategies for negative thought patterns and behavioral responses.
Minimal depression,Self help,Read self-help books or listen to mental health podcasts focusing on cognitive restructuring and emotional intelligence for self-guided improvement.
Severe anxiety,Professional,Attend group therapy sessions with individuals facing similar mental health challenges to foster connection and shared healing experiences.
Moderate depression,Self help + Professional,Incorporate positive affirmations and guided self-help workbooks alongside professional guidance to develop a structured approach to emotional healing.
Minimal anxiety,Self help,"Explore creative hobbies such as painting, playing a musical instrument, or gardening to channel emotions positively and improve mental well-being."
Severe depression,Professional + Emergency,"Consider inpatient or residential treatment programs that provide structured care, round-the-clock monitoring, and therapeutic interventions for severe mental health conditions."
Moderately severe depression,Professional,Attend group therapy sessions with individuals facing similar mental health challenges to foster connection and shared healing experiences.
Moderately severe depression,Professional + Emergency,"Call a mental health crisis helpline such as SAMHSA, NAMI, or Lifeline for immediate emotional support and guidance during a mental health emergency."
Minimal depression,Self help,Follow structured deep breathing exercises like diaphragmatic breathing or the 4-7-8 method to manage stress and prevent anxiety attacks.
Moderate anxiety,Self help + Professional,Practice mindfulness meditation and progressive muscle relaxation techniques while also scheduling occasional therapy sessions for deeper self-exploration.
Severe anxiety,Professional,"Engage in dialectical behavior therapy (DBT), which focuses on emotional regulation, distress tolerance, and mindfulness to build resilience in challenging situations."
Moderately severe depression,Professional,Consult a psychiatrist for an evaluation and discuss medication options if symptoms of anxiety or depression persist despite self-care efforts.
Moderate depression,Self help + Professional,Attend monthly therapy sessions with a licensed counselor to address persistent concerns while maintaining self-care routines such as journaling and relaxation techniques.
Moderate depression,Professional,"Engage in dialectical behavior therapy (DBT), which focuses on emotional regulation, distress tolerance, and mindfulness to build resilience in challenging situations."
Minimal depression,Self help,"Explore creative hobbies such as painting, playing a musical instrument, or gardening to channel emotions positively and improve mental well-being."
Mild depression,Self help + Professional,Practice mindfulness meditation and progressive muscle relaxation techniques while also scheduling occasional therapy sessions for deeper self-exploration.
Minimal anxiety,Self help,Practice mindfulness and meditation daily using guided apps like Headspace or Calm to enhance self-awareness and emotional regulation.
Moderate depression,Self help + Professional,"Join a peer support group, such as online forums or local mental health meetups, where individuals share coping strategies and emotional support."
Mild anxiety,Self help,"Explore creative hobbies such as painting, playing a musical instrument, or gardening to channel emotions positively and improve mental well-being."
Moderate anxiety,Professional,Schedule regular cognitive behavioral therapy (CBT) sessions with a licensed therapist to develop coping strategies for negative thought patterns and behavioral responses.
Moderate anxiety,Self help + Professional,"Use evidence-based mental health apps like Woebot or Sanvello, designed for cognitive behavioral therapy (CBT) practices and structured self-reflection."
Moderate anxiety,Self help + Professional,Practice mindfulness meditation and progressive muscle relaxation techniques while also scheduling occasional therapy sessions for deeper self-exploration.
Minimal anxiety,Self help,"Engage in regular physical exercise such as yoga, jogging, or swimming, as physical activity helps release endorphins that reduce stress and anxiety."
Moderately severe depression,Professional,Attend group therapy sessions with individuals facing similar mental health challenges to foster connection and shared healing experiences.
Mild depression,Self help + Professional,Develop a regular exercise routine and balanced diet while consulting a therapist for personalized strategies to manage anxiety and depression symptoms.
Minimal anxiety,Self help,Read self-help books or listen to mental health podcasts focusing on cognitive restructuring and emotional intelligence for self-guided improvement.
Moderate anxiety,Self help + Professional,"Use evidence-based mental health apps like Woebot or Sanvello, designed for cognitive behavioral therapy (CBT) practices and structured self-reflection."
Mild depression,Self help + Professional,Develop a regular exercise routine and balanced diet while consulting a therapist for personalized strategies to manage anxiety and depression symptoms.
Mild anxiety,Self help + Professional,Incorporate positive affirmations and guided self-help workbooks alongside professional guidance to develop a structured approach to emotional healing.
Minimal anxiety,Self help,Follow structured deep breathing exercises like diaphragmatic breathing or the 4-7-8 method to manage stress and prevent anxiety attacks.
Severe depression,Professional + Emergency,"Contact emergency mental health services or visit the nearest psychiatric facility if experiencing severe distress, suicidal thoughts, or self-harm tendencies."
Severe depression,Professional + Emergency,"Reach out to close family members, friends, or a trusted support system and involve them in the recovery process to ensure emotional and practical support during crises."
Mild depression,Self help + Professional,"Join a peer support group, such as online forums or local mental health meetups, where individuals share coping strategies and emotional support."
Moderate anxiety,Self help + Professional,"Join a peer support group, such as online forums or local mental health meetups, where individuals share coping strategies and emotional support."
Minimal depression,Self help,Follow structured deep breathing exercises like diaphragmatic breathing or the 4-7-8 method to manage stress and prevent anxiety attacks.
Mild depression,Self help,"Explore creative hobbies such as painting, playing a musical instrument, or gardening to channel emotions positively and improve mental well-being."
Mild depression,Self help,Read self-help books or listen to mental health podcasts focusing on cognitive restructuring and emotional intelligence for self-guided improvement.
Moderately severe depression,Professional,"Explore holistic approaches such as art therapy, music therapy, or equine therapy under professional supervision to address emotional distress through creative expression."
Moderately severe depression,Professional + Emergency,"Call a mental health crisis helpline such as SAMHSA, NAMI, or Lifeline for immediate emotional support and guidance during a mental health emergency."
Severe anxiety,Professional,"Explore holistic approaches such as art therapy, music therapy, or equine therapy under professional supervision to address emotional distress through creative expression."
Mild depression,Self help + Professional,Attend monthly therapy sessions with a licensed counselor to address persistent concerns while maintaining self-care routines such as journaling and relaxation techniques.
Moderately severe depression,Professional,Work with a mental health coach who specializes in goal setting and behavioral change to develop structured coping mechanisms.
Severe anxiety,Professional + Emergency,"Engage in an intensive therapy program, such as partial hospitalization or intensive outpatient therapy, where daily therapeutic support is provided in a structured environment."
Mild depression,Self help + Professional,Practice mindfulness meditation and progressive muscle relaxation techniques while also scheduling occasional therapy sessions for deeper self-exploration.
Severe anxiety,Professional + Emergency,"Seek immediate psychiatric evaluation in a hospital setting to assess the need for intensive care, medication adjustment, or crisis intervention."
Moderate depression,Self help + Professional,Incorporate positive affirmations and guided self-help workbooks alongside professional guidance to develop a structured approach to emotional healing.
Mild depression,Self help,"Engage in regular physical exercise such as yoga, jogging, or swimming, as physical activity helps release endorphins that reduce stress and anxiety."
Mild depression,Self help,"Explore creative hobbies such as painting, playing a musical instrument, or gardening to channel emotions positively and improve mental well-being."
Severe anxiety,Professional + Emergency,"Engage in an intensive therapy program, such as partial hospitalization or intensive outpatient therapy, where daily therapeutic support is provided in a structured environment."
Mild depression,Self help,"Maintain a gratitude journal to track positive experiences and emotions, reinforcing a mindset shift towards optimism and resilience."
Minimal anxiety,Self help,Follow structured deep breathing exercises like diaphragmatic breathing or the 4-7-8 method to manage stress and prevent anxiety attacks.
Severe anxiety,Professional + Emergency,"Contact emergency mental health services or visit the nearest psychiatric facility if experiencing severe distress, suicidal thoughts, or self-harm tendencies."
Minimal anxiety,Self help,"Maintain a gratitude journal to track positive experiences and emotions, reinforcing a mindset shift towards optimism and resilience."
Mild depression,Self help,Read self-help books or listen to mental health podcasts focusing on cognitive restructuring and emotional intelligence for self-guided improvement.
Mild anxiety,Self help + Professional,"Use evidence-based mental health apps like Woebot or Sanvello, designed for cognitive behavioral therapy (CBT) practices and structured self-reflection."
Minimal depression,Self help,"Maintain a gratitude journal to track positive experiences and emotions, reinforcing a mindset shift towards optimism and resilience."
Moderate anxiety,Self help + Professional,"Join a peer support group, such as online forums or local mental health meetups, where individuals share coping strategies and emotional support."
Minimal anxiety,Self help,"Engage in regular physical exercise such as yoga, jogging, or swimming, as physical activity helps release endorphins that reduce stress and anxiety."
Moderate depression,Self help + Professional,"Use evidence-based mental health apps like Woebot or Sanvello, designed for cognitive behavioral therapy (CBT) practices and structured self-reflection."
Mild depression,Self help,"Maintain a gratitude journal to track positive experiences and emotions, reinforcing a mindset shift towards optimism and resilience."
Severe anxiety,Professional + Emergency,"Seek immediate psychiatric evaluation in a hospital setting to assess the need for intensive care, medication adjustment, or crisis intervention."
Moderate anxiety,Professional,Attend group therapy sessions with individuals facing similar mental health challenges to foster connection and shared healing experiences.
Moderate anxiety,Professional,Schedule regular cognitive behavioral therapy (CBT) sessions with a licensed therapist to develop coping strategies for negative thought patterns and behavioral responses.
Severe anxiety,Professional + Emergency,"Reach out to close family members, friends, or a trusted support system and involve them in the recovery process to ensure emotional and practical support during crises."
Minimal anxiety,Self help,Read self-help books or listen to mental health podcasts focusing on cognitive restructuring and emotional intelligence for self-guided improvement.
Severe depression,Professional + Emergency,"Seek immediate psychiatric evaluation in a hospital setting to assess the need for intensive care, medication adjustment, or crisis intervention."
Minimal depression,Self help,"Explore creative hobbies such as painting, playing a musical instrument, or gardening to channel emotions positively and improve mental well-being."
Minimal anxiety,Self help,"Maintain a gratitude journal to track positive experiences and emotions, reinforcing a mindset shift towards optimism and resilience."
Severe anxiety,Professional,Attend group therapy sessions with individuals facing similar mental health challenges to foster connection and shared healing experiences.
Moderate depression,Professional,Attend group therapy sessions with individuals facing similar mental health challenges to foster connection and shared healing experiences.
Mild anxiety,Self help + Professional,Attend monthly therapy sessions with a licensed counselor to address persistent concerns while maintaining self-care routines such as journaling and relaxation techniques.
Mild depression,Self help + Professional,"Join a peer support group, such as online forums or local mental health meetups, where individuals share coping strategies and emotional support."
Severe anxiety,Professional,Consult a psychiatrist for an evaluation and discuss medication options if symptoms of anxiety or depression persist despite self-care efforts.
Moderately severe depression,Professional + Emergency,"Seek immediate psychiatric evaluation in a hospital setting to assess the need for intensive care, medication adjustment, or crisis intervention."
Severe anxiety,Professional + Emergency,"Seek immediate psychiatric evaluation in a hospital setting to assess the need for intensive care, medication adjustment, or crisis intervention."
Severe anxiety,Professional,Work with a mental health coach who specializes in goal setting and behavioral change to develop structured coping mechanisms.
Moderately severe depression,Professional,"Explore holistic approaches such as art therapy, music therapy, or equine therapy under professional supervision to address emotional distress through creative expression."
Moderate depression,Professional,"Engage in dialectical behavior therapy (DBT), which focuses on emotional regulation, distress tolerance, and mindfulness to build resilience in challenging situations."
Severe depression,Professional + Emergency,"Contact emergency mental health services or visit the nearest psychiatric facility if experiencing severe distress, suicidal thoughts, or self-harm tendencies."
Moderate anxiety,Professional,Consult a psychiatrist for an evaluation and discuss medication options if symptoms of anxiety or depression persist despite self-care efforts.
Moderate anxiety,Professional,"Engage in dialectical behavior therapy (DBT), which focuses on emotional regulation, distress tolerance, and mindfulness to build resilience in challenging situations."
Severe anxiety,Professional + Emergency,"Reach out to close family members, friends, or a trusted support system and involve them in the recovery process to ensure emotional and practical support during crises."
Severe anxiety,Professional,Consult a psychiatrist for an evaluation and discuss medication options if symptoms of anxiety or depression persist despite self-care efforts.
Mild anxiety,Self help,Follow structured deep breathing exercises like diaphragmatic breathing or the 4-7-8 method to manage stress and prevent anxiety attacks.
Mild anxiety,Self help,"Engage in regular physical exercise such as yoga, jogging, or swimming, as physical activity helps release endorphins that reduce stress and anxiety."
Severe depression,Professional + Emergency,"Seek immediate psychiatric evaluation in a hospital setting to assess the need for intensive care, medication adjustment, or crisis intervention."
Moderate depression,Professional,Work with a mental health coach who specializes in goal setting and behavioral change to develop structured coping mechanisms.
Severe depression,Professional + Emergency,"Reach out to close family members, friends, or a trusted support system and involve them in the recovery process to ensure emotional and practical support during crises."
Mild depression,Self help + Professional,"Use evidence-based mental health apps like Woebot or Sanvello, designed for cognitive behavioral therapy (CBT) practices and structured self-reflection."
Moderate anxiety,Self help + Professional,Practice mindfulness meditation and progressive muscle relaxation techniques while also scheduling occasional therapy sessions for deeper self-exploration.
Moderately severe depression,Professional,Work with a mental health coach who specializes in goal setting and behavioral change to develop structured coping mechanisms.
Mild anxiety,Self help,Practice mindfulness and meditation daily using guided apps like Headspace or Calm to enhance self-awareness and emotional regulation.
Minimal depression,Self help,"Maintain a gratitude journal to track positive experiences and emotions, reinforcing a mindset shift towards optimism and resilience."
Severe depression,Professional + Emergency,"Consider inpatient or residential treatment programs that provide structured care, round-the-clock monitoring, and therapeutic interventions for severe mental health conditions."
Mild anxiety,Self help,Read self-help books or listen to mental health podcasts focusing on cognitive restructuring and emotional intelligence for self-guided improvement.
Minimal depression,Self help,"Engage in regular physical exercise such as yoga, jogging, or swimming, as physical activity helps release endorphins that reduce stress and anxiety."
Mild anxiety,Self help,Practice mindfulness and meditation daily using guided apps like Headspace or Calm to enhance self-awareness and emotional regulation.
Moderately severe depression,Professional + Emergency,"Contact emergency mental health services or visit the nearest psychiatric facility if experiencing severe distress, suicidal thoughts, or self-harm tendencies."
Moderate anxiety,Professional,"Engage in dialectical behavior therapy (DBT), which focuses on emotional regulation, distress tolerance, and mindfulness to build resilience in challenging situations."
Minimal depression,Self help,"Explore creative hobbies such as painting, playing a musical instrument, or gardening to channel emotions positively and improve mental well-being."
Moderately severe depression,Professional + Emergency,"Call a mental health crisis helpline such as SAMHSA, NAMI, or Lifeline for immediate emotional support and guidance during a mental health emergency."
Mild depression,Self help + Professional,"Join a peer support group, such as online forums or local mental health meetups, where individuals share coping strategies and emotional support."
Mild depression,Self help,Read self-help books or listen to mental health podcasts focusing on cognitive restructuring and emotional intelligence for self-guided improvement.
Severe depression,Professional + Emergency,"Seek immediate psychiatric evaluation in a hospital setting to assess the need for intensive care, medication adjustment, or crisis intervention."
Mild depression,Self help,"Maintain a gratitude journal to track positive experiences and emotions, reinforcing a mindset shift towards optimism and resilience."
Minimal anxiety,Self help,"Engage in regular physical exercise such as yoga, jogging, or swimming, as physical activity helps release endorphins that reduce stress and anxiety."
Moderate anxiety,Professional,"Engage in dialectical behavior therapy (DBT), which focuses on emotional regulation, distress tolerance, and mindfulness to build resilience in challenging situations."
Minimal anxiety,Self help,"Explore creative hobbies such as painting, playing a musical instrument, or gardening to channel emotions positively and improve mental well-being."
Moderate anxiety,Self help + Professional,Incorporate positive affirmations and guided self-help workbooks alongside professional guidance to develop a structured approach to emotional healing.
Minimal anxiety,Self help,"Engage in regular physical exercise such as yoga, jogging, or swimming, as physical activity helps release endorphins that reduce stress and anxiety."
Moderately severe depression,Professional + Emergency,"Contact emergency mental health services or visit the nearest psychiatric facility if experiencing severe distress, suicidal thoughts, or self-harm tendencies."
Severe anxiety,Professional + Emergency,"Seek immediate psychiatric evaluation in a hospital setting to assess the need for intensive care, medication adjustment, or crisis intervention."
Mild depression,Self help + Professional,Attend monthly therapy sessions with a licensed counselor to address persistent concerns while maintaining self-care routines such as journaling and relaxation techniques.
Minimal depression,Self help,"Engage in regular physical exercise such as yoga, jogging, or swimming, as physical activity helps release endorphins that reduce stress and anxiety."
Minimal depression,Self help,Read self-help books or listen to mental health podcasts focusing on cognitive restructuring and emotional intelligence for self-guided improvement.
Moderately severe depression,Professional,Consult a psychiatrist for an evaluation and discuss medication options if symptoms of anxiety or depression persist despite self-care efforts.
Minimal depression,Self help,Practice mindfulness and meditation daily using guided apps like Headspace or Calm to enhance self-awareness and emotional regulation.
Mild anxiety,Self help,"Explore creative hobbies such as painting, playing a musical instrument, or gardening to channel emotions positively and improve mental well-being."
Minimal depression,Self help,"Maintain a gratitude journal to track positive experiences and emotions, reinforcing a mindset shift towards optimism and resilience."
Moderately severe depression,Professional,Consult a psychiatrist for an evaluation and discuss medication options if symptoms of anxiety or depression persist despite self-care efforts.
Moderate depression,Professional,"Explore holistic approaches such as art therapy, music therapy, or equine therapy under professional supervision to address emotional distress through creative expression."
Severe anxiety,Professional,"Explore holistic approaches such as art therapy, music therapy, or equine therapy under professional supervision to address emotional distress through creative expression."
Mild anxiety,Self help + Professional,Incorporate positive affirmations and guided self-help workbooks alongside professional guidance to develop a structured approach to emotional healing.
Minimal depression,Self help,Read self-help books or listen to mental health podcasts focusing on cognitive restructuring and emotional intelligence for self-guided improvement.
Minimal depression,Self help,Practice mindfulness and meditation daily using guided apps like Headspace or Calm to enhance self-awareness and emotional regulation.
Moderately severe depression,Professional,"Engage in dialectical behavior therapy (DBT), which focuses on emotional regulation, distress tolerance, and mindfulness to build resilience in challenging situations."
Severe depression,Professional + Emergency,"Engage in an intensive therapy program, such as partial hospitalization or intensive outpatient therapy, where daily therapeutic support is provided in a structured environment."
Moderate anxiety,Self help + Professional,Attend monthly therapy sessions with a licensed counselor to address persistent concerns while maintaining self-care routines such as journaling and relaxation techniques.
Moderate depression,Self help + Professional,"Join a peer support group, such as online forums or local mental health meetups, where individuals share coping strategies and emotional support."
Mild anxiety,Self help + Professional,Develop a regular exercise routine and balanced diet while consulting a therapist for personalized strategies to manage anxiety and depression symptoms.
Moderate depression,Self help + Professional,Develop a regular exercise routine and balanced diet while consulting a therapist for personalized strategies to manage anxiety and depression symptoms.
Minimal depression,Self help,"Engage in regular physical exercise such as yoga, jogging, or swimming, as physical activity helps release endorphins that reduce stress and anxiety."
Mild depression,Self help,Practice mindfulness and meditation daily using guided apps like Headspace or Calm to enhance self-awareness and emotional regulation.
Mild depression,Self help,"Maintain a gratitude journal to track positive experiences and emotions, reinforcing a mindset shift towards optimism and resilience."
Moderate anxiety,Professional,Schedule regular cognitive behavioral therapy (CBT) sessions with a licensed therapist to develop coping strategies for negative thought patterns and behavioral responses.
Minimal depression,Self help,"Maintain a gratitude journal to track positive experiences and emotions, reinforcing a mindset shift towards optimism and resilience."
Moderate anxiety,Professional,Attend group therapy sessions with individuals facing similar mental health challenges to foster connection and shared healing experiences.
Moderately severe depression,Professional + Emergency,"Consider inpatient or residential treatment programs that provide structured care, round-the-clock monitoring, and therapeutic interventions for severe mental health conditions."
Minimal anxiety,Self help,"Maintain a gratitude journal to track positive experiences and emotions, reinforcing a mindset shift towards optimism and resilience."
Severe anxiety,Professional,Schedule regular cognitive behavioral therapy (CBT) sessions with a licensed therapist to develop coping strategies for negative thought patterns and behavioral responses.
Severe anxiety,Professional,Schedule regular cognitive behavioral therapy (CBT) sessions with a licensed therapist to develop coping strategies for negative thought patterns and behavioral responses.
Mild anxiety,Self help + Professional,"Use evidence-based mental health apps like Woebot or Sanvello, designed for cognitive behavioral therapy (CBT) practices and structured self-reflection."
Severe depression,Professional + Emergency,"Seek immediate psychiatric evaluation in a hospital setting to assess the need for intensive care, medication adjustment, or crisis intervention."
Moderate depression,Self help + Professional,Attend monthly therapy sessions with a licensed counselor to address persistent concerns while maintaining self-care routines such as journaling and relaxation techniques.
Minimal anxiety,Self help,"Maintain a gratitude journal to track positive experiences and emotions, reinforcing a mindset shift towards optimism and resilience."
Moderate depression,Professional,"Explore holistic approaches such as art therapy, music therapy, or equine therapy under professional supervision to address emotional distress through creative expression."
Minimal anxiety,Self help,Read self-help books or listen to mental health podcasts focusing on cognitive restructuring and emotional intelligence for self-guided improvement.
Moderate anxiety,Self help + Professional,"Use evidence-based mental health apps like Woebot or Sanvello, designed for cognitive behavioral therapy (CBT) practices and structured self-reflection."
Severe anxiety,Professional + Emergency,"Call a mental health crisis helpline such as SAMHSA, NAMI, or Lifeline for immediate emotional support and guidance during a mental health emergency."
Minimal anxiety,Self help,Read self-help books or listen to mental health podcasts focusing on cognitive restructuring and emotional intelligence for self-guided improvement.
Moderate anxiety,Self help + Professional,"Use evidence-based mental health apps like Woebot or Sanvello, designed for cognitive behavioral therapy (CBT) practices and structured self-reflection."
Moderate anxiety,Professional,Schedule regular cognitive behavioral therapy (CBT) sessions with a licensed therapist to develop coping strategies for negative thought patterns and behavioral responses.
Minimal anxiety,Self help,Read self-help books or listen to mental health podcasts focusing on cognitive restructuring and emotional intelligence for self-guided improvement.
Mild depression,Self help + Professional,Incorporate positive affirmations and guided self-help workbooks alongside professional guidance to develop a structured approach to emotional healing.
Moderately severe depression,Professional + Emergency,"Seek immediate psychiatric evaluation in a hospital setting to assess the need for intensive care, medication adjustment, or crisis intervention."
Moderate anxiety,Self help + Professional,Attend monthly therapy sessions with a licensed counselor to address persistent concerns while maintaining self-care routines such as journaling and relaxation techniques.
Severe depression,Professional + Emergency,"Contact emergency mental health services or visit the nearest psychiatric facility if experiencing severe distress, suicidal thoughts, or self-harm tendencies."
Mild anxiety,Self help + Professional,Incorporate positive affirmations and guided self-help workbooks alongside professional guidance to develop a structured approach to emotional healing.
Severe anxiety,Professional + Emergency,"Seek immediate psychiatric evaluation in a hospital setting to assess the need for intensive care, medication adjustment, or crisis intervention."
Mild depression,Self help + Professional,"Join a peer support group, such as online forums or local mental health meetups, where individuals share coping strategies and emotional support."
Moderate anxiety,Self help + Professional,Attend monthly therapy sessions with a licensed counselor to address persistent concerns while maintaining self-care routines such as journaling and relaxation techniques.
Mild anxiety,Self help + Professional,Practice mindfulness meditation and progressive muscle relaxation techniques while also scheduling occasional therapy sessions for deeper self-exploration.
Moderately severe depression,Professional + Emergency,"Call a mental health crisis helpline such as SAMHSA, NAMI, or Lifeline for immediate emotional support and guidance during a mental health emergency."
Minimal depression,Self help,Follow structured deep breathing exercises like diaphragmatic breathing or the 4-7-8 method to manage stress and prevent anxiety attacks.
Minimal anxiety,Self help,Practice mindfulness and meditation daily using guided apps like Headspace or Calm to enhance self-awareness and emotional regulation.
Severe depression,Professional + Emergency,"Consider inpatient or residential treatment programs that provide structured care, round-the-clock monitoring, and therapeutic interventions for severe mental health conditions."
Moderately severe depression,Professional,Attend group therapy sessions with individuals facing similar mental health challenges to foster connection and shared healing experiences.
Mild anxiety,Self help + Professional,Practice mindfulness meditation and progressive muscle relaxation techniques while also scheduling occasional therapy sessions for deeper self-exploration.
Minimal anxiety,Self help,"Engage in regular physical exercise such as yoga, jogging, or swimming, as physical activity helps release endorphins that reduce stress and anxiety."
Moderately severe depression,Professional,Consult a psychiatrist for an evaluation and discuss medication options if symptoms of anxiety or depression persist despite self-care efforts.
Severe depression,Professional + Emergency,"Consider inpatient or residential treatment programs that provide structured care, round-the-clock monitoring, and therapeutic interventions for severe mental health conditions."
Severe anxiety,Professional,Work with a mental health coach who specializes in goal setting and behavioral change to develop structured coping mechanisms.
Mild anxiety,Self help + Professional,Incorporate positive affirmations and guided self-help workbooks alongside professional guidance to develop a structured approach to emotional healing.
Moderate depression,Self help + Professional,"Use evidence-based mental health apps like Woebot or Sanvello, designed for cognitive behavioral therapy (CBT) practices and structured self-reflection."
Minimal anxiety,Self help,Practice mindfulness and meditation daily using guided apps like Headspace or Calm to enhance self-awareness and emotional regulation.
Severe anxiety,Professional,Work with a mental health coach who specializes in goal setting and behavioral change to develop structured coping mechanisms.
Minimal depression,Self help,Read self-help books or listen to mental health podcasts focusing on cognitive restructuring and emotional intelligence for self-guided improvement.
Severe depression,Professional + Emergency,"Reach out to close family members, friends, or a trusted support system and involve them in the recovery process to ensure emotional and practical support during crises."
Moderately severe depression,Professional,Consult a psychiatrist for an evaluation and discuss medication options if symptoms of anxiety or depression persist despite self-care efforts.
Mild depression,Self help + Professional,"Join a peer support group, such as online forums or local mental health meetups, where individuals share coping strategies and emotional support."
Moderately severe depression,Professional,Work with a mental health coach who specializes in goal setting and behavioral change to develop structured coping mechanisms.
Severe depression,Professional + Emergency,"Seek immediate psychiatric evaluation in a hospital setting to assess the need for intensive care, medication adjustment, or crisis intervention."
Mild anxiety,Self help,Follow structured deep breathing exercises like diaphragmatic breathing or the 4-7-8 method to manage stress and prevent anxiety attacks.
Moderately severe depression,Professional,Attend group therapy sessions with individuals facing similar mental health challenges to foster connection and shared healing experiences.
Minimal depression,Self help,"Engage in regular physical exercise such as yoga, jogging, or swimming, as physical activity helps release endorphins that reduce stress and anxiety."
Moderately severe depression,Professional,Consult a psychiatrist for an evaluation and discuss medication options if symptoms of anxiety or depression persist despite self-care efforts.
Moderate anxiety,Professional,"Engage in dialectical behavior therapy (DBT), which focuses on emotional regulation, distress tolerance, and mindfulness to build resilience in challenging situations."
Moderate depression,Self help + Professional,Develop a regular exercise routine and balanced diet while consulting a therapist for personalized strategies to manage anxiety and depression symptoms.
Minimal anxiety,Self help,"Maintain a gratitude journal to track positive experiences and emotions, reinforcing a mindset shift towards optimism and resilience."
Mild anxiety,Self help + Professional,Practice mindfulness meditation and progressive muscle relaxation techniques while also scheduling occasional therapy sessions for deeper self-exploration.
Mild depression,Self help + Professional,"Use evidence-based mental health apps like Woebot or Sanvello, designed for cognitive behavioral therapy (CBT) practices and structured self-reflection."
Mild anxiety,Self help,Read self-help books or listen to mental health podcasts focusing on cognitive restructuring and emotional intelligence for self-guided improvement.
Minimal depression,Self help,"Explore creative hobbies such as painting, playing a musical instrument, or gardening to channel emotions positively and improve mental well-being."
Minimal anxiety,Self help,"Engage in regular physical exercise such as yoga, jogging, or swimming, as physical activity helps release endorphins that reduce stress and anxiety."
Minimal depression,Self help,"Engage in regular physical exercise such as yoga, jogging, or swimming, as physical activity helps release endorphins that reduce stress and anxiety."
Severe anxiety,Professional + Emergency,"Call a mental health crisis helpline such as SAMHSA, NAMI, or Lifeline for immediate emotional support and guidance during a mental health emergency."
Moderately severe depression,Professional + Emergency,"Call a mental health crisis helpline such as SAMHSA, NAMI, or Lifeline for immediate emotional support and guidance during a mental health emergency."
Mild depression,Self help + Professional,"Use evidence-based mental health apps like Woebot or Sanvello, designed for cognitive behavioral therapy (CBT) practices and structured self-reflection."
Mild depression,Self help,"Explore creative hobbies such as painting, playing a musical instrument, or gardening to channel emotions positively and improve mental well-being."
Moderate depression,Professional,Work with a mental health coach who specializes in goal setting and behavioral change to develop structured coping mechanisms.
Severe anxiety,Professional,Schedule regular cognitive behavioral therapy (CBT) sessions with a licensed therapist to develop coping strategies for negative thought patterns and behavioral responses.
Moderate anxiety,Professional,Consult a psychiatrist for an evaluation and discuss medication options if symptoms of anxiety or depression persist despite self-care efforts.
Moderate depression,Professional,Schedule regular cognitive behavioral therapy (CBT) sessions with a licensed therapist to develop coping strategies for negative thought patterns and behavioral responses.
Moderate depression,Professional,"Engage in dialectical behavior therapy (DBT), which focuses on emotional regulation, distress tolerance, and mindfulness to build resilience in challenging situations."
Severe depression,Professional + Emergency,"Engage in an intensive therapy program, such as partial hospitalization or intensive outpatient therapy, where daily therapeutic support is provided in a structured environment."
Moderately severe depression,Professional + Emergency,"Call a mental health crisis helpline such as SAMHSA, NAMI, or Lifeline for immediate emotional support and guidance during a mental health emergency."
Moderately severe depression,Professional,Schedule regular cognitive behavioral therapy (CBT) sessions with a licensed therapist to develop coping strategies for negative thought patterns and behavioral responses.
Moderate anxiety,Self help + Professional,"Use evidence-based mental health apps like Woebot or Sanvello, designed for cognitive behavioral therapy (CBT) practices and structured self-reflection."
Severe depression,Professional + Emergency,"Call a mental health crisis helpline such as SAMHSA, NAMI, or Lifeline for immediate emotional support and guidance during a mental health emergency."
Moderate anxiety,Professional,Work with a mental health coach who specializes in goal setting and behavioral change to develop structured coping mechanisms.
Moderate anxiety,Professional,Work with a mental health coach who specializes in goal setting and behavioral change to develop structured coping mechanisms.
Moderately severe depression,Professional + Emergency,"Seek immediate psychiatric evaluation in a hospital setting to assess the need for intensive care, medication adjustment, or crisis intervention."
Mild depression,Self help + Professional,Practice mindfulness meditation and progressive muscle relaxation techniques while also scheduling occasional therapy sessions for deeper self-exploration.
Moderate depression,Professional,Schedule regular cognitive behavioral therapy (CBT) sessions with a licensed therapist to develop coping strategies for negative thought patterns and behavioral responses.
Moderate anxiety,Self help + Professional,Develop a regular exercise routine and balanced diet while consulting a therapist for personalized strategies to manage anxiety and depression symptoms.
Moderate anxiety,Self help + Professional,"Use evidence-based mental health apps like Woebot or Sanvello, designed for cognitive behavioral therapy (CBT) practices and structured self-reflection."
Severe anxiety,Professional + Emergency,"Reach out to close family members, friends, or a trusted support system and involve them in the recovery process to ensure emotional and practical support during crises."
Severe depression,Professional + Emergency,"Reach out to close family members, friends, or a trusted support system and involve them in the recovery process to ensure emotional and practical support during crises."
Moderate anxiety,Professional,"Explore holistic approaches such as art therapy, music therapy, or equine therapy under professional supervision to address emotional distress through creative expression."
Severe depression,Professional + Emergency,"Reach out to close family members, friends, or a trusted support system and involve them in the recovery process to ensure emotional and practical support during crises."
Minimal anxiety,Self help,"Maintain a gratitude journal to track positive experiences and emotions, reinforcing a mindset shift towards optimism and resilience."
Minimal depression,Self help,Read self-help books or listen to mental health podcasts focusing on cognitive restructuring and emotional intelligence for self-guided improvement.
Moderate anxiety,Self help + Professional,Incorporate positive affirmations and guided self-help workbooks alongside professional guidance to develop a structured approach to emotional healing.
Severe anxiety,Professional,Consult a psychiatrist for an evaluation and discuss medication options if symptoms of anxiety or depression persist despite self-care efforts.
Minimal anxiety,Self help,Practice mindfulness and meditation daily using guided apps like Headspace or Calm to enhance self-awareness and emotional regulation.
Moderate anxiety,Professional,Work with a mental health coach who specializes in goal setting and behavioral change to develop structured coping mechanisms.
Mild anxiety,Self help + Professional,"Use evidence-based mental health apps like Woebot or Sanvello, designed for cognitive behavioral therapy (CBT) practices and structured self-reflection."
Severe depression,Professional + Emergency,"Consider inpatient or residential treatment programs that provide structured care, round-the-clock monitoring, and therapeutic interventions for severe mental health conditions."
Moderately severe depression,Professional,Work with a mental health coach who specializes in goal setting and behavioral change to develop structured coping mechanisms.
Moderately severe depression,Professional,Attend group therapy sessions with individuals facing similar mental health challenges to foster connection and shared healing experiences.
Severe anxiety,Professional + Emergency,"Reach out to close family members, friends, or a trusted support system and involve them in the recovery process to ensure emotional and practical support during crises."
Moderate depression,Self help + Professional,Practice mindfulness meditation and progressive muscle relaxation techniques while also scheduling occasional therapy sessions for deeper self-exploration.
Minimal anxiety,Self help,"Explore creative hobbies such as painting, playing a musical instrument, or gardening to channel emotions positively and improve mental well-being."
Severe depression,Professional + Emergency,"Seek immediate psychiatric evaluation in a hospital setting to assess the need for intensive care, medication adjustment, or crisis intervention."
Moderate depression,Self help + Professional,Practice mindfulness meditation and progressive muscle relaxation techniques while also scheduling occasional therapy sessions for deeper self-exploration.
Moderate anxiety,Self help + Professional,Practice mindfulness meditation and progressive muscle relaxation techniques while also scheduling occasional therapy sessions for deeper self-exploration.
Mild depression,Self help + Professional,"Join a peer support group, such as online forums or local mental health meetups, where individuals share coping strategies and emotional support."
Moderate depression,Professional,Schedule regular cognitive behavioral therapy (CBT) sessions with a licensed therapist to develop coping strategies for negative thought patterns and behavioral responses.
Mild depression,Self help + Professional,"Join a peer support group, such as online forums or local mental health meetups, where individuals share coping strategies and emotional support."
Moderate anxiety,Self help + Professional,Develop a regular exercise routine and balanced diet while consulting a therapist for personalized strategies to manage anxiety and depression symptoms.
Mild anxiety,Self help,"Maintain a gratitude journal to track positive experiences and emotions, reinforcing a mindset shift towards optimism and resilience."
Severe anxiety,Professional,Schedule regular cognitive behavioral therapy (CBT) sessions with a licensed therapist to develop coping strategies for negative thought patterns and behavioral responses.
Severe anxiety,Professional + Emergency,"Call a mental health crisis helpline such as SAMHSA, NAMI, or Lifeline for immediate emotional support and guidance during a mental health emergency."
Moderate anxiety,Professional,Consult a psychiatrist for an evaluation and discuss medication options if symptoms of anxiety or depression persist despite self-care efforts.
Moderate depression,Professional,"Engage in dialectical behavior therapy (DBT), which focuses on emotional regulation, distress tolerance, and mindfulness to build resilience in challenging situations."
Mild depression,Self help + Professional,Incorporate positive affirmations and guided self-help workbooks alongside professional guidance to develop a structured approach to emotional healing.
Moderate depression,Professional,"Explore holistic approaches such as art therapy, music therapy, or equine therapy under professional supervision to address emotional distress through creative expression."
Mild anxiety,Self help + Professional,"Join a peer support group, such as online forums or local mental health meetups, where individuals share coping strategies and emotional support."
Moderately severe depression,Professional + Emergency,"Reach out to close family members, friends, or a trusted support system and involve them in the recovery process to ensure emotional and practical support during crises."
Mild depression,Self help,Practice mindfulness and meditation daily using guided apps like Headspace or Calm to enhance self-awareness and emotional regulation.
Minimal anxiety,Self help,"Explore creative hobbies such as painting, playing a musical instrument, or gardening to channel emotions positively and improve mental well-being."
Moderate depression,Professional,Consult a psychiatrist for an evaluation and discuss medication options if symptoms of anxiety or depression persist despite self-care efforts.
Moderate anxiety,Professional,"Explore holistic approaches such as art therapy, music therapy, or equine therapy under professional supervision to address emotional distress through creative expression."
Severe depression,Professional + Emergency,"Contact emergency mental health services or visit the nearest psychiatric facility if experiencing severe distress, suicidal thoughts, or self-harm tendencies."
Mild depression,Self help + Professional,Develop a regular exercise routine and balanced diet while consulting a therapist for personalized strategies to manage anxiety and depression symptoms.
Moderate anxiety,Professional,Schedule regular cognitive behavioral therapy (CBT) sessions with a licensed therapist to develop coping strategies for negative thought patterns and behavioral responses.
Minimal depression,Self help,Practice mindfulness and meditation daily using guided apps like Headspace or Calm to enhance self-awareness and emotional regulation.
Severe depression,Professional + Emergency,"Engage in an intensive therapy program, such as partial hospitalization or intensive outpatient therapy, where daily therapeutic support is provided in a structured environment."
Minimal depression,Self help,"Engage in regular physical exercise such as yoga, jogging, or swimming, as physical activity helps release endorphins that reduce stress and anxiety."
Mild depression,Self help,Follow structured deep breathing exercises like diaphragmatic breathing or the 4-7-8 method to manage stress and prevent anxiety attacks.
Moderate anxiety,Professional,Schedule regular cognitive behavioral therapy (CBT) sessions with a licensed therapist to develop coping strategies for negative thought patterns and behavioral responses.
Severe anxiety,Professional + Emergency,"Consider inpatient or residential treatment programs that provide structured care, round-the-clock monitoring, and therapeutic interventions for severe mental health conditions."
Mild depression,Self help + Professional,Practice mindfulness meditation and progressive muscle relaxation techniques while also scheduling occasional therapy sessions for deeper self-exploration.
Mild anxiety,Self help + Professional,"Join a peer support group, such as online forums or local mental health meetups, where individuals share coping strategies and emotional support."
Severe anxiety,Professional,"Engage in dialectical behavior therapy (DBT), which focuses on emotional regulation, distress tolerance, and mindfulness to build resilience in challenging situations."
Minimal depression,Self help,"Engage in regular physical exercise such as yoga, jogging, or swimming, as physical activity helps release endorphins that reduce stress and anxiety."
Mild depression,Self help,"Maintain a gratitude journal to track positive experiences and emotions, reinforcing a mindset shift towards optimism and resilience."
Minimal anxiety,Self help,Read self-help books or listen to mental health podcasts focusing on cognitive restructuring and emotional intelligence for self-guided improvement.
Moderate depression,Self help + Professional,"Join a peer support group, such as online forums or local mental health meetups, where individuals share coping strategies and emotional support."
Severe depression,Professional + Emergency,"Consider inpatient or residential treatment programs that provide structured care, round-the-clock monitoring, and therapeutic interventions for severe mental health conditions."
Mild depression,Self help + Professional,"Join a peer support group, such as online forums or local mental health meetups, where individuals share coping strategies and emotional support."
Severe anxiety,Professional + Emergency,"Call a mental health crisis helpline such as SAMHSA, NAMI, or Lifeline for immediate emotional support and guidance during a mental health emergency."
Mild depression,Self help,"Engage in regular physical exercise such as yoga, jogging, or swimming, as physical activity helps release endorphins that reduce stress and anxiety."
Minimal anxiety,Self help,Read self-help books or listen to mental health podcasts focusing on cognitive restructuring and emotional intelligence for self-guided improvement.
Minimal depression,Self help,Follow structured deep breathing exercises like diaphragmatic breathing or the 4-7-8 method to manage stress and prevent anxiety attacks.
Severe anxiety,Professional + Emergency,"Contact emergency mental health services or visit the nearest psychiatric facility if experiencing severe distress, suicidal thoughts, or self-harm tendencies."
Moderate anxiety,Self help + Professional,Develop a regular exercise routine and balanced diet while consulting a therapist for personalized strategies to manage anxiety and depression symptoms.
Mild anxiety,Self help + Professional,Develop a regular exercise routine and balanced diet while consulting a therapist for personalized strategies to manage anxiety and depression symptoms.
Minimal anxiety,Self help,Follow structured deep breathing exercises like diaphragmatic breathing or the 4-7-8 method to manage stress and prevent anxiety attacks.
Minimal depression,Self help,"Engage in regular physical exercise such as yoga, jogging, or swimming, as physical activity helps release endorphins that reduce stress and anxiety."
Severe anxiety,Professional + Emergency,"Contact emergency mental health services or visit the nearest psychiatric facility if experiencing severe distress, suicidal thoughts, or self-harm tendencies."
Minimal depression,Self help,"Maintain a gratitude journal to track positive experiences and emotions, reinforcing a mindset shift towards optimism and resilience."
Mild anxiety,Self help + Professional,"Use evidence-based mental health apps like Woebot or Sanvello, designed for cognitive behavioral therapy (CBT) practices and structured self-reflection."
Mild depression,Self help + Professional,"Use evidence-based mental health apps like Woebot or Sanvello, designed for cognitive behavioral therapy (CBT) practices and structured self-reflection."
Mild depression,Self help + Professional,Practice mindfulness meditation and progressive muscle relaxation techniques while also scheduling occasional therapy sessions for deeper self-exploration.
Moderately severe depression,Professional,Consult a psychiatrist for an evaluation and discuss medication options if symptoms of anxiety or depression persist despite self-care efforts.
Minimal anxiety,Self help,Practice mindfulness and meditation daily using guided apps like Headspace or Calm to enhance self-awareness and emotional regulation.
Mild anxiety,Self help + Professional,Practice mindfulness meditation and progressive muscle relaxation techniques while also scheduling occasional therapy sessions for deeper self-exploration.
Severe anxiety,Professional + Emergency,"Contact emergency mental health services or visit the nearest psychiatric facility if experiencing severe distress, suicidal thoughts, or self-harm tendencies."
Moderately severe depression,Professional + Emergency,"Seek immediate psychiatric evaluation in a hospital setting to assess the need for intensive care, medication adjustment, or crisis intervention."
Moderate depression,Professional,"Explore holistic approaches such as art therapy, music therapy, or equine therapy under professional supervision to address emotional distress through creative expression."
Mild anxiety,Self help + Professional,Attend monthly therapy sessions with a licensed counselor to address persistent concerns while maintaining self-care routines such as journaling and relaxation techniques.
Mild anxiety,Self help + Professional,Incorporate positive affirmations and guided self-help workbooks alongside professional guidance to develop a structured approach to emotional healing.
Mild anxiety,Self help + Professional,Incorporate positive affirmations and guided self-help workbooks alongside professional guidance to develop a structured approach to emotional healing.
Moderate depression,Self help + Professional,"Use evidence-based mental health apps like Woebot or Sanvello, designed for cognitive behavioral therapy (CBT) practices and structured self-reflection."
Severe depression,Professional + Emergency,"Contact emergency mental health services or visit the nearest psychiatric facility if experiencing severe distress, suicidal thoughts, or self-harm tendencies."
Mild anxiety,Self help + Professional,Practice mindfulness meditation and progressive muscle relaxation techniques while also scheduling occasional therapy sessions for deeper self-exploration.
Minimal anxiety,Self help,"Engage in regular physical exercise such as yoga, jogging, or swimming, as physical activity helps release endorphins that reduce stress and anxiety."
Minimal depression,Self help,"Engage in regular physical exercise such as yoga, jogging, or swimming, as physical activity helps release endorphins that reduce stress and anxiety."
Mild anxiety,Self help,"Maintain a gratitude journal to track positive experiences and emotions, reinforcing a mindset shift towards optimism and resilience."
Moderate anxiety,Self help + Professional,Incorporate positive affirmations and guided self-help workbooks alongside professional guidance to develop a structured approach to emotional healing.
Minimal depression,Self help,Read self-help books or listen to mental health podcasts focusing on cognitive restructuring and emotional intelligence for self-guided improvement.
Mild depression,Self help + Professional,Practice mindfulness meditation and progressive muscle relaxation techniques while also scheduling occasional therapy sessions for deeper self-exploration.
Severe anxiety,Professional,"Explore holistic approaches such as art therapy, music therapy, or equine therapy under professional supervision to address emotional distress through creative expression."
Severe anxiety,Professional + Emergency,"Contact emergency mental health services or visit the nearest psychiatric facility if experiencing severe distress, suicidal thoughts, or self-harm tendencies."
Moderate anxiety,Self help + Professional,Incorporate positive affirmations and guided self-help workbooks alongside professional guidance to develop a structured approach to emotional healing.
Moderate depression,Professional,"Explore holistic approaches such as art therapy, music therapy, or equine therapy under professional supervision to address emotional distress through creative expression."
Mild anxiety,Self help,Follow structured deep breathing exercises like diaphragmatic breathing or the 4-7-8 method to manage stress and prevent anxiety attacks.
Mild depression,Self help,"Engage in regular physical exercise such as yoga, jogging, or swimming, as physical activity helps release endorphins that reduce stress and anxiety."
Mild anxiety,Self help + Professional,Develop a regular exercise routine and balanced diet while consulting a therapist for personalized strategies to manage anxiety and depression symptoms.
Severe depression,Professional + Emergency,"Contact emergency mental health services or visit the nearest psychiatric facility if experiencing severe distress, suicidal thoughts, or self-harm tendencies."
Mild depression,Self help,"Maintain a gratitude journal to track positive experiences and emotions, reinforcing a mindset shift towards optimism and resilience."
Severe depression,Professional + Emergency,"Reach out to close family members, friends, or a trusted support system and involve them in the recovery process to ensure emotional and practical support during crises."
Moderate anxiety,Professional,Schedule regular cognitive behavioral therapy (CBT) sessions with a licensed therapist to develop coping strategies for negative thought patterns and behavioral responses.
Minimal anxiety,Self help,"Engage in regular physical exercise such as yoga, jogging, or swimming, as physical activity helps release endorphins that reduce stress and anxiety."
Minimal depression,Self help,"Engage in regular physical exercise such as yoga, jogging, or swimming, as physical activity helps release endorphins that reduce stress and anxiety."
Moderately severe depression,Professional + Emergency,"Reach out to close family members, friends, or a trusted support system and involve them in the recovery process to ensure emotional and practical support during crises."
Minimal depression,Self help,"Explore creative hobbies such as painting, playing a musical instrument, or gardening to channel emotions positively and improve mental well-being."
Moderately severe depression,Professional + Emergency,"Engage in an intensive therapy program, such as partial hospitalization or intensive outpatient therapy, where daily therapeutic support is provided in a structured environment."
Moderately severe depression,Professional,Attend group therapy sessions with individuals facing similar mental health challenges to foster connection and shared healing experiences.
Moderately severe depression,Professional,Attend group therapy sessions with individuals facing similar mental health challenges to foster connection and shared healing experiences.
Minimal anxiety,Self help,"Maintain a gratitude journal to track positive experiences and emotions, reinforcing a mindset shift towards optimism and resilience."
Severe depression,Professional + Emergency,"Reach out to close family members, friends, or a trusted support system and involve them in the recovery process to ensure emotional and practical support during crises."
Severe depression,Professional + Emergency,"Engage in an intensive therapy program, such as partial hospitalization or intensive outpatient therapy, where daily therapeutic support is provided in a structured environment."
Moderate anxiety,Self help + Professional,Practice mindfulness meditation and progressive muscle relaxation techniques while also scheduling occasional therapy sessions for deeper self-exploration.
Moderately severe depression,Professional + Emergency,"Contact emergency mental health services or visit the nearest psychiatric facility if experiencing severe distress, suicidal thoughts, or self-harm tendencies."
Moderate anxiety,Professional,Consult a psychiatrist for an evaluation and discuss medication options if symptoms of anxiety or depression persist despite self-care efforts.
Mild depression,Self help + Professional,Develop a regular exercise routine and balanced diet while consulting a therapist for personalized strategies to manage anxiety and depression symptoms.
Moderate depression,Self help + Professional,Develop a regular exercise routine and balanced diet while consulting a therapist for personalized strategies to manage anxiety and depression symptoms.
Severe depression,Professional + Emergency,"Seek immediate psychiatric evaluation in a hospital setting to assess the need for intensive care, medication adjustment, or crisis intervention."
Moderate depression,Professional,"Explore holistic approaches such as art therapy, music therapy, or equine therapy under professional supervision to address emotional distress through creative expression."
Severe anxiety,Professional,"Engage in dialectical behavior therapy (DBT), which focuses on emotional regulation, distress tolerance, and mindfulness to build resilience in challenging situations."
Moderate depression,Professional,Work with a mental health coach who specializes in goal setting and behavioral change to develop structured coping mechanisms.
Minimal depression,Self help,"Engage in regular physical exercise such as yoga, jogging, or swimming, as physical activity helps release endorphins that reduce stress and anxiety."
Moderate anxiety,Professional,Work with a mental health coach who specializes in goal setting and behavioral change to develop structured coping mechanisms.
Minimal anxiety,Self help,Read self-help books or listen to mental health podcasts focusing on cognitive restructuring and emotional intelligence for self-guided improvement.
Moderate depression,Self help + Professional,Attend monthly therapy sessions with a licensed counselor to address persistent concerns while maintaining self-care routines such as journaling and relaxation techniques.
Severe depression,Professional + Emergency,"Seek immediate psychiatric evaluation in a hospital setting to assess the need for intensive care, medication adjustment, or crisis intervention."
Severe anxiety,Professional + Emergency,"Seek immediate psychiatric evaluation in a hospital setting to assess the need for intensive care, medication adjustment, or crisis intervention."
Moderate anxiety,Professional,Consult a psychiatrist for an evaluation and discuss medication options if symptoms of anxiety or depression persist despite self-care efforts.
Moderately severe depression,Professional,"Explore holistic approaches such as art therapy, music therapy, or equine therapy under professional supervision to address emotional distress through creative expression."
Minimal depression,Self help,Read self-help books or listen to mental health podcasts focusing on cognitive restructuring and emotional intelligence for self-guided improvement.
Minimal depression,Self help,Read self-help books or listen to mental health podcasts focusing on cognitive restructuring and emotional intelligence for self-guided improvement.
Mild anxiety,Self help,Practice mindfulness and meditation daily using guided apps like Headspace or Calm to enhance self-awareness and emotional regulation.
Severe anxiety,Professional + Emergency,"Contact emergency mental health services or visit the nearest psychiatric facility if experiencing severe distress, suicidal thoughts, or self-harm tendencies."
Severe depression,Professional + Emergency,"Consider inpatient or residential treatment programs that provide structured care, round-the-clock monitoring, and therapeutic interventions for severe mental health conditions."
Mild anxiety,Self help + Professional,"Use evidence-based mental health apps like Woebot or Sanvello, designed for cognitive behavioral therapy (CBT) practices and structured self-reflection."
Mild depression,Self help + Professional,Develop a regular exercise routine and balanced diet while consulting a therapist for personalized strategies to manage anxiety and depression symptoms.
Minimal anxiety,Self help,Follow structured deep breathing exercises like diaphragmatic breathing or the 4-7-8 method to manage stress and prevent anxiety attacks.
Moderate depression,Professional,"Engage in dialectical behavior therapy (DBT), which focuses on emotional regulation, distress tolerance, and mindfulness to build resilience in challenging situations."
Moderate depression,Professional,Schedule regular cognitive behavioral therapy (CBT) sessions with a licensed therapist to develop coping strategies for negative thought patterns and behavioral responses.
Severe depression,Professional + Emergency,"Seek immediate psychiatric evaluation in a hospital setting to assess the need for intensive care, medication adjustment, or crisis intervention."
Moderate depression,Professional,Schedule regular cognitive behavioral therapy (CBT) sessions with a licensed therapist to develop coping strategies for negative thought patterns and behavioral responses.
Moderate depression,Self help + Professional,Develop a regular exercise routine and balanced diet while consulting a therapist for personalized strategies to manage anxiety and depression symptoms.
Severe anxiety,Professional + Emergency,"Engage in an intensive therapy program, such as partial hospitalization or intensive outpatient therapy, where daily therapeutic support is provided in a structured environment."
Moderately severe depression,Professional,Attend group therapy sessions with individuals facing similar mental health challenges to foster connection and shared healing experiences.
Moderate depression,Self help + Professional,Practice mindfulness meditation and progressive muscle relaxation techniques while also scheduling occasional therapy sessions for deeper self-exploration.
Moderate anxiety,Professional,"Explore holistic approaches such as art therapy, music therapy, or equine therapy under professional supervision to address emotional distress through creative expression."
Severe anxiety,Professional,Attend group therapy sessions with individuals facing similar mental health challenges to foster connection and shared healing experiences.
Moderately severe depression,Professional,"Explore holistic approaches such as art therapy, music therapy, or equine therapy under professional supervision to address emotional distress through creative expression."
Minimal depression,Self help,Follow structured deep breathing exercises like diaphragmatic breathing or the 4-7-8 method to manage stress and prevent anxiety attacks.
Minimal anxiety,Self help,Follow structured deep breathing exercises like diaphragmatic breathing or the 4-7-8 method to manage stress and prevent anxiety attacks.
Moderate anxiety,Self help + Professional,Develop a regular exercise routine and balanced diet while consulting a therapist for personalized strategies to manage anxiety and depression symptoms.
Mild anxiety,Self help + Professional,"Use evidence-based mental health apps like Woebot or Sanvello, designed for cognitive behavioral therapy (CBT) practices and structured self-reflection."
Minimal depression,Self help,Follow structured deep breathing exercises like diaphragmatic breathing or the 4-7-8 method to manage stress and prevent anxiety attacks.
Moderate depression,Self help + Professional,Develop a regular exercise routine and balanced diet while consulting a therapist for personalized strategies to manage anxiety and depression symptoms.
Mild anxiety,Self help,"Maintain a gratitude journal to track positive experiences and emotions, reinforcing a mindset shift towards optimism and resilience."
Minimal anxiety,Self help,Read self-help books or listen to mental health podcasts focusing on cognitive restructuring and emotional intelligence for self-guided improvement.
Moderate anxiety,Self help + Professional,"Use evidence-based mental health apps like Woebot or Sanvello, designed for cognitive behavioral therapy (CBT) practices and structured self-reflection."
Mild depression,Self help + Professional,"Join a peer support group, such as online forums or local mental health meetups, where individuals share coping strategies and emotional support."
Moderate anxiety,Professional,Consult a psychiatrist for an evaluation and discuss medication options if symptoms of anxiety or depression persist despite self-care efforts.
Minimal depression,Self help,"Maintain a gratitude journal to track positive experiences and emotions, reinforcing a mindset shift towards optimism and resilience."
Moderately severe depression,Professional,Work with a mental health coach who specializes in goal setting and behavioral change to develop structured coping mechanisms.
Mild depression,Self help + Professional,Incorporate positive affirmations and guided self-help workbooks alongside professional guidance to develop a structured approach to emotional healing.
Mild depression,Self help + Professional,Incorporate positive affirmations and guided self-help workbooks alongside professional guidance to develop a structured approach to emotional healing.
Moderately severe depression,Professional + Emergency,"Engage in an intensive therapy program, such as partial hospitalization or intensive outpatient therapy, where daily therapeutic support is provided in a structured environment."
Mild depression,Self help + Professional,Incorporate positive affirmations and guided self-help workbooks alongside professional guidance to develop a structured approach to emotional healing.
Mild depression,Self help + Professional,Attend monthly therapy sessions with a licensed counselor to address persistent concerns while maintaining self-care routines such as journaling and relaxation techniques.
Minimal anxiety,Self help,Follow structured deep breathing exercises like diaphragmatic breathing or the 4-7-8 method to manage stress and prevent anxiety attacks.
Mild depression,Self help,Follow structured deep breathing exercises like diaphragmatic breathing or the 4-7-8 method to manage stress and prevent anxiety attacks.
Moderately severe depression,Professional + Emergency,"Engage in an intensive therapy program, such as partial hospitalization or intensive outpatient therapy, where daily therapeutic support is provided in a structured environment."
Moderate depression,Self help + Professional,Attend monthly therapy sessions with a licensed counselor to address persistent concerns while maintaining self-care routines such as journaling and relaxation techniques.
Moderate depression,Self help + Professional,Incorporate positive affirmations and guided self-help workbooks alongside professional guidance to develop a structured approach to emotional healing.
Minimal anxiety,Self help,"Explore creative hobbies such as painting, playing a musical instrument, or gardening to channel emotions positively and improve mental well-being."
Minimal anxiety,Self help,Read self-help books or listen to mental health podcasts focusing on cognitive restructuring and emotional intelligence for self-guided improvement.
Minimal anxiety,Self help,Follow structured deep breathing exercises like diaphragmatic breathing or the 4-7-8 method to manage stress and prevent anxiety attacks.
Severe anxiety,Professional,Schedule regular cognitive behavioral therapy (CBT) sessions with a licensed therapist to develop coping strategies for negative thought patterns and behavioral responses.
Severe anxiety,Professional,Work with a mental health coach who specializes in goal setting and behavioral change to develop structured coping mechanisms.
Moderate anxiety,Professional,Schedule regular cognitive behavioral therapy (CBT) sessions with a licensed therapist to develop coping strategies for negative thought patterns and behavioral responses.
Moderate anxiety,Professional,Attend group therapy sessions with individuals facing similar mental health challenges to foster connection and shared healing experiences.
Minimal anxiety,Self help,Read self-help books or listen to mental health podcasts focusing on cognitive restructuring and emotional intelligence for self-guided improvement.
Moderately severe depression,Professional,Consult a psychiatrist for an evaluation and discuss medication options if symptoms of anxiety or depression persist despite self-care efforts.
Minimal anxiety,Self help,Read self-help books or listen to mental health podcasts focusing on cognitive restructuring and emotional intelligence for self-guided improvement.
Moderate depression,Self help + Professional,Develop a regular exercise routine and balanced diet while consulting a therapist for personalized strategies to manage anxiety and depression symptoms.
Severe anxiety,Professional + Emergency,"Engage in an intensive therapy program, such as partial hospitalization or intensive outpatient therapy, where daily therapeutic support is provided in a structured environment."
Mild depression,Self help + Professional,Attend monthly therapy sessions with a licensed counselor to address persistent concerns while maintaining self-care routines such as journaling and relaxation techniques.
Severe anxiety,Professional,Schedule regular cognitive behavioral therapy (CBT) sessions with a licensed therapist to develop coping strategies for negative thought patterns and behavioral responses.
Moderate depression,Self help + Professional,Develop a regular exercise routine and balanced diet while consulting a therapist for personalized strategies to manage anxiety and depression symptoms.
Mild anxiety,Self help,"Explore creative hobbies such as painting, playing a musical instrument, or gardening to channel emotions positively and improve mental well-being."
Moderate anxiety,Professional,Work with a mental health coach who specializes in goal setting and behavioral change to develop structured coping mechanisms.
Minimal depression,Self help,"Engage in regular physical exercise such as yoga, jogging, or swimming, as physical activity helps release endorphins that reduce stress and anxiety."
Moderate anxiety,Self help + Professional,Practice mindfulness meditation and progressive muscle relaxation techniques while also scheduling occasional therapy sessions for deeper self-exploration.
Minimal depression,Self help,Follow structured deep breathing exercises like diaphragmatic breathing or the 4-7-8 method to manage stress and prevent anxiety attacks.
Minimal anxiety,Self help,Follow structured deep breathing exercises like diaphragmatic breathing or the 4-7-8 method to manage stress and prevent anxiety attacks.
Mild depression,Self help + Professional,Practice mindfulness meditation and progressive muscle relaxation techniques while also scheduling occasional therapy sessions for deeper self-exploration.
Severe depression,Professional + Emergency,"Seek immediate psychiatric evaluation in a hospital setting to assess the need for intensive care, medication adjustment, or crisis intervention."
Severe depression,Professional + Emergency,"Engage in an intensive therapy program, such as partial hospitalization or intensive outpatient therapy, where daily therapeutic support is provided in a structured environment."
Minimal anxiety,Self help,"Maintain a gratitude journal to track positive experiences and emotions, reinforcing a mindset shift towards optimism and resilience."
Moderate depression,Professional,Consult a psychiatrist for an evaluation and discuss medication options if symptoms of anxiety or depression persist despite self-care efforts.
Minimal anxiety,Self help,"Explore creative hobbies such as painting, playing a musical instrument, or gardening to channel emotions positively and improve mental well-being."
Minimal anxiety,Self help,"Explore creative hobbies such as painting, playing a musical instrument, or gardening to channel emotions positively and improve mental well-being."
Minimal depression,Self help,"Explore creative hobbies such as painting, playing a musical instrument, or gardening to channel emotions positively and improve mental well-being."
Severe anxiety,Professional,Consult a psychiatrist for an evaluation and discuss medication options if symptoms of anxiety or depression persist despite self-care efforts.
Moderate anxiety,Professional,"Engage in dialectical behavior therapy (DBT), which focuses on emotional regulation, distress tolerance, and mindfulness to build resilience in challenging situations."
Mild depression,Self help + Professional,Practice mindfulness meditation and progressive muscle relaxation techniques while also scheduling occasional therapy sessions for deeper self-exploration.
Severe anxiety,Professional,Work with a mental health coach who specializes in goal setting and behavioral change to develop structured coping mechanisms.
Severe depression,Professional + Emergency,"Reach out to close family members, friends, or a trusted support system and involve them in the recovery process to ensure emotional and practical support during crises."
Severe anxiety,Professional + Emergency,"Engage in an intensive therapy program, such as partial hospitalization or intensive outpatient therapy, where daily therapeutic support is provided in a structured environment."
Mild depression,Self help,Read self-help books or listen to mental health podcasts focusing on cognitive restructuring and emotional intelligence for self-guided improvement.
Severe depression,Professional + Emergency,"Engage in an intensive therapy program, such as partial hospitalization or intensive outpatient therapy, where daily therapeutic support is provided in a structured environment."
Severe anxiety,Professional,Attend group therapy sessions with individuals facing similar mental health challenges to foster connection and shared healing experiences.
Moderate depression,Self help + Professional,"Use evidence-based mental health apps like Woebot or Sanvello, designed for cognitive behavioral therapy (CBT) practices and structured self-reflection."
Minimal depression,Self help,Read self-help books or listen to mental health podcasts focusing on cognitive restructuring and emotional intelligence for self-guided improvement.
Moderately severe depression,Professional,Attend group therapy sessions with individuals facing similar mental health challenges to foster connection and shared healing experiences.
Severe depression,Professional + Emergency,"Consider inpatient or residential treatment programs that provide structured care, round-the-clock monitoring, and therapeutic interventions for severe mental health conditions."
Mild anxiety,Self help + Professional,Attend monthly therapy sessions with a licensed counselor to address persistent concerns while maintaining self-care routines such as journaling and relaxation techniques.
Minimal anxiety,Self help,Follow structured deep breathing exercises like diaphragmatic breathing or the 4-7-8 method to manage stress and prevent anxiety attacks.
Moderate depression,Self help + Professional,Practice mindfulness meditation and progressive muscle relaxation techniques while also scheduling occasional therapy sessions for deeper self-exploration.
Moderate depression,Professional,"Explore holistic approaches such as art therapy, music therapy, or equine therapy under professional supervision to address emotional distress through creative expression."
Moderately severe depression,Professional,Consult a psychiatrist for an evaluation and discuss medication options if symptoms of anxiety or depression persist despite self-care efforts.
Minimal anxiety,Self help,"Engage in regular physical exercise such as yoga, jogging, or swimming, as physical activity helps release endorphins that reduce stress and anxiety."
Mild depression,Self help + Professional,Develop a regular exercise routine and balanced diet while consulting a therapist for personalized strategies to manage anxiety and depression symptoms.
Mild depression,Self help,"Explore creative hobbies such as painting, playing a musical instrument, or gardening to channel emotions positively and improve mental well-being."
Mild depression,Self help,Practice mindfulness and meditation daily using guided apps like Headspace or Calm to enhance self-awareness and emotional regulation.
Mild depression,Self help,"Engage in regular physical exercise such as yoga, jogging, or swimming, as physical activity helps release endorphins that reduce stress and anxiety."
